SITE_ID,General classification,State,Data source/network,Period of record,Energy balance,Latitude,Longitude,Elevation (m),Land cover details,Land cover type,Measurement technique,Contact for sites not downloaded from AmeriFlux network,Contact email,DOI,Team member,Member role,Member institution,Member email,Site name
US-Slt,Mixed Forests,NJ,AmeriFlux,01/2005-12/2014,1.08061139335935,39.9138,-74.596,30.0,Oak forest,Mixed Forests,Eddy covariance,,,10.17190/AMF/1246096,Ken Clark,PI,USDA Forest Service,kennethclark@fs.fed.us,Silas Little- New Jersey
US-Dk2,Mixed Forests,NC,AmeriFlux,07/2006-04/2008,0.891199104363655,35.97358,-79.10043,168.0,Mature oak-hickory forest,Mixed Forests,Eddy covariance,,,10.17190/AMF/1246047,A. Christopher Oishi,PI,USDA Forest Service,acoishi@fs.fed.us,Duke Forest-hardwoods
US-xUN,Mixed Forests,MI,AmeriFlux,08/2017-05/2020,0.743713303489949,46.23388,-89.53725,518.0,"Maple, aspen, birch mesic forest",Mixed Forests,Eddy covariance,,,10.17190/AMF/1617741,Cove Sturtevant,PI,NEON,csturtevant@battelleecology.org,NEON University of Notre Dame Environmental Research Center (UNDE)
US-xDL,Mixed Forests,AL,AmeriFlux,01/2017-05/2020,0.830688726323364,32.54172,-87.80389,22.0,Oak and hickory,Mixed Forests,Eddy covariance,,,10.17190/AMF/1579721,Cove Sturtevant,PI,NEON,csturtevant@battelleecology.org,NEON Dead Lake (DELA)
US-xST,Mixed Forests,WI,AmeriFlux,08/2018-05/2020,0.768540994974437,45.50894,-89.58637,481.0,"Early successional, even-aged aspen stand, with some red maple and balsam fir",Mixed Forests,Eddy covariance,,,10.17190/AMF/1617737,Cove Sturtevant,PI,NEON,csturtevant@battelleecology.org,NEON Steigerwaldt Land Services (STEI)
US-WCr,Mixed Forests,WI,AmeriFlux,02/1999-04/2020,0.891360615282605,45.8059,-90.0799,520.0,"sugar maple (Acer saccharum), basswood (Tilia americana), and yellow birch (Betula alleghaniensis).",Mixed Forests,Eddy covariance,,,10.17190/AMF/1246111,Ankur Desai,PI,University of Wisconsin,desai@aos.wisc.edu,Willow Creek
US-FR2,Mixed Forests,TX,AmeriFlux,01/2005-12/2007,0.775756738913404,29.94949,-97.99623,271.9,Mesquite Juniper forest,Mixed Forests,Eddy covariance,,,10.17190/AMF/1246054,Marcy Litvak,PI,University of New Mexico,mlitvak@unm.edu,Freeman Ranch- Mesquite Juniper
US-Dix,Mixed Forests,NJ,AmeriFlux,04/2005-04/2008,1.05747695437104,39.97123,-74.43455,48.0,Oak/pine forest,Mixed Forests,Eddy covariance,,,10.17190/AMF/1246045,Ken Clark,PI,USDA Forest Service,kennethclark@fs.fed.us,Fort Dix
US-WBW,Mixed Forests,TN,AmeriFlux,01/1995-06/2007,0.754982157668942,35.95877,-84.28743,283.0,Oak/hickory broadleaf forest,Mixed Forests,Eddy covariance,,,10.17190/AMF/1246109,Tilden Meyers,PI,NOAA/ARL,Tilden.Meyers@noaa.gov,Walker Branch Watershed
